model,train_val,parameters,n_features,ssr,r2,r2adj,mae,rmse,VIF,percBias,region,clust_method
raw_lasso,train,alpha0.01,46,645.5951257,0.892080085,0.890511085,0.258031345,0.448394182,99.17044194,8.04E-14,all_regions,none
raw_lasso,valin,alpha0.01,46,909.1155904,0.877421064,0.875638943,0.342695898,0.532095272,98.79336862,-6.61872582,all_regions,none
raw_lasso,valnit,alpha0.01,46,900.119287,0.641985488,0.629199255,0.347958783,0.821125238,89.09630502,-7.703894102,all_regions,none
raw_lasso,train,alpha1.0,13,795.50297,0.867020971,0.866480236,0.306262468,0.497737944,4.411453451,-1.17E-14,all_regions,none
raw_lasso,valin,alpha1.0,13,1148.914416,0.845088229,0.844458309,0.383672671,0.598168703,4.375199684,-7.174606907,all_regions,none
raw_lasso,valnit,alpha1.0,13,931.1039443,0.629661614,0.626017103,0.374276302,0.835138395,4.423240399,-6.508865235,all_regions,none
raw_mlr,train,forwardklim81,20,668.7136439,0.888215513,0.88751467,0.263345083,0.45635198,13.59515646,6.97E-15,all_regions,none
raw_mlr,valin,forwardklim81,20,929.7931335,0.874633045,0.873847046,0.348516764,0.538112418,13.5460124,-6.833305133,all_regions,none
raw_mlr,valnit,forwardklim81,20,892.9620348,0.644832222,0.63942632,0.352722039,0.817854155,13.53003487,-6.856534462,all_regions,none
raw_mlr,train,backwardklim1,16,669.305093,0.888116644,0.887556177,0.263447428,0.456553748,41.74879297,-6.54E-15,all_regions,none
raw_mlr,valin,backwardklim1,16,937.4468051,0.873601077,0.872967895,0.351759828,0.540322638,41.70551515,-6.777449237,all_regions,none
raw_mlr,valnit,backwardklim1,16,890.0685368,0.645983085,0.64168546,0.352043775,0.816528019,42.99741396,-6.972898761,all_regions,none
strd_lasso,train,alpha0.01,37,676.6840361,0.886883155,0.885564112,0.265574676,0.459063552,73.44535318,4.04E-15,all_regions,none
strd_lasso,valin,alpha0.01,37,972.0793422,0.868931462,0.867403086,0.355820135,0.550212819,73.51666418,-6.821806695,all_regions,none
strd_lasso,valnit,alpha0.01,37,903.4207332,0.640672367,0.630421694,0.347325201,0.822629716,71.85534997,-6.075226572,all_regions,none
strd_lasso,train,alpha1.0,1,4494.948572,0.248608841,0.24837469,0.748044047,1.183156546,1,8.26E-15,all_regions,none
strd_lasso,valin,alpha1.0,1,5816.231021,0.215779141,0.215534759,0.829644382,1.345862435,1,-7.466539064,all_regions,none
strd_lasso,valnit,alpha1.0,1,1997.131412,0.205658585,0.20506268,0.733352932,1.223102034,1,-1.705626444,all_regions,none
strd_mlr,train,forwardklim81,22,664.9706389,0.888841207,0.888074113,0.261921415,0.455073014,83.72973102,-6.25E-14,all_regions,none
strd_mlr,valin,forwardklim81,22,776.9754214,0.895237942,0.894514992,0.315594385,0.491907549,83.83820142,-4.11E-14,all_regions,none
strd_mlr,valnit,forwardklim81,22,845.1311941,0.663856517,0.658219965,0.355840685,0.795648839,78.46270479,-2.18E-14,all_regions,none
strd_mlr,train,backwardklim1,16,669.305093,0.888116644,0.887556177,0.263447428,0.456553748,41.74879297,-6.54E-15,all_regions,none
strd_mlr,valin,backwardklim1,16,937.4468051,0.873601077,0.872967895,0.351759828,0.540322638,41.70551515,-6.777449237,all_regions,none
strd_mlr,valnit,backwardklim1,16,890.0685368,0.645983085,0.64168546,0.352043775,0.816528019,42.99741396,-6.972898761,all_regions,none
strd_PCA_mlr,train,nc38forwardklim38,14,1398.439822,0.76623196,0.765207944,0.422559943,0.659935876,1,-3.03E-14,all_regions,none
strd_PCA_mlr,valin,nc38forwardklim38,14,1806.608841,0.756409205,0.755342162,0.493187008,0.750087473,1.002948304,-7.542413727,all_regions,none
strd_PCA_mlr,valnit,nc38forwardklim38,14,1145.118965,0.544539026,0.539708379,0.50463562,0.926157122,1.109786628,-2.832432239,all_regions,none
strd_PCA_mlr,train,nc38backwardklim1,14,1398.439822,0.76623196,0.765207944,0.422559943,0.659935876,1,-3.03E-14,all_regions,none
strd_PCA_mlr,valin,nc38backwardklim1,14,1806.608841,0.756409205,0.755342162,0.493187008,0.750087473,1.002948304,-7.542413727,all_regions,none
strd_PCA_mlr,valnit,nc38backwardklim1,14,1145.118965,0.544539026,0.539708379,0.50463562,0.926157122,1.109786628,-2.832432239,all_regions,none
strd_PCA_lasso,train,nc38alpha0.01,34,1281.110718,0.785845099,0.783552509,0.391574623,0.63164517,1,6.37E-15,all_regions,none
strd_PCA_lasso,valin,nc38alpha0.01,34,1684.463955,0.772878387,0.770446985,0.468683967,0.72428703,1.009584731,-7.459389055,all_regions,none
strd_PCA_lasso,valnit,nc38alpha0.01,34,1138.038705,0.547355137,0.535516733,0.481744898,0.923289472,2.463290488,-4.822976934,all_regions,none
strd_PCA_lasso,train,nc38alpha1.0,2,4613.075063,0.228862408,0.228381649,0.7077745,1.198602303,1,4.82E-15,all_regions,none
strd_PCA_lasso,valin,nc38alpha1.0,2,5920.774332,0.201683235,0.201185531,0.793654699,1.357904106,1.000212698,-7.397621779,all_regions,none
strd_PCA_lasso,valnit,nc38alpha1.0,2,2030.153616,0.192524294,0.191311868,0.713488163,1.233172461,1.013407189,-1.363188968,all_regions,none
strd_UMAP_lasso,train,nn80mind0.81nc40alpha0.01,11,2135.210776,0.643070777,0.64184345,0.50632763,0.81545542,68.41044024,1.06E-05,all_regions,none
strd_UMAP_lasso,valin,nn80mind0.81nc40alpha0.01,11,2836.7476,0.617512332,0.61619712,0.603928846,0.939918495,53.58649103,-9.296060551,all_regions,none
strd_UMAP_lasso,valnit,nn80mind0.81nc40alpha0.01,11,1446.209875,0.42478277,0.420000163,0.606941357,1.040818561,73.81886828,-9.755348164,all_regions,none
strd_UMAP_lasso,train,nn80mind0.81nc80alpha0.01,7,1987.36924,0.66778448,0.667058439,0.504787653,0.786718076,12.07294883,3.82E-05,all_regions,none
strd_UMAP_lasso,valin,nn80mind0.81nc80alpha0.01,7,2578.462799,0.65233769,0.651577891,0.599680619,0.896107851,11.34880244,-8.870072913,all_regions,none
strd_UMAP_lasso,valnit,nn80mind0.81nc80alpha0.01,7,1403.295414,0.441851619,0.438907355,0.59274034,1.025259778,13.73856954,-8.139326202,all_regions,none
strd_UMAP_mlr,train,nn80mind0.81nc80forwardklim80,41,1310.410197,0.780947297,0.778113229,0.389747981,0.638827317,1894795.916,0.010907949,all_regions,none
strd_UMAP_mlr,valin,nn80mind0.81nc80forwardklim80,41,2141.617736,0.711238894,0.707502951,0.529017689,0.81667794,1124347.257,-10.97749645,all_regions,none
strd_UMAP_mlr,valnit,nn80mind0.81nc80forwardklim80,41,1248.205962,0.503537081,0.487794638,0.525245899,0.966946606,1864512.115,-9.241953574,all_regions,none
strd_UMAP_mlr,train,nn80mind0.81nc80backwardklim1,38,1295.514192,0.783437364,0.780842982,0.390064961,0.635186025,8690495.698,-0.099472202,all_regions,none
strd_UMAP_mlr,valin,nn80mind0.81nc80backwardklim1,38,2319.618908,0.687238432,0.683491604,0.530527988,0.849939802,6254392.091,-9.975466168,all_regions,none
strd_UMAP_mlr,valnit,nn80mind0.81nc80backwardklim1,38,1244.433864,0.5050374,0.490524608,0.532256132,0.965484437,9115086.225,-9.077865749,all_regions,none
regr_precip,train,none,1,1283.948572,0.785370713,0.78530383,0.44608042,0.632344378,1,2.48E-14,all_regions,none
regr_precip,valin,none,1,1827.373075,0.753609498,0.753532717,0.544481111,0.754385718,1,2.32E-14,all_regions,none
regr_precip,valnit,none,1,1047.050651,0.583544833,0.583232414,0.469778545,0.885611429,1,3.09E-14,all_regions,none
regr_precip,train,none,1,19.66776331,0.637293055,0.636384015,0.167120268,0.221465102,1,-7.23E-15,CntlPlains,Ecoregion
regr_precip,valin,none,1,47.54936888,0.286595841,0.284807861,0.293094138,0.344350083,1,-22.18418289,CntlPlains,Ecoregion
regr_precip,valnit,none,1,12.96444112,0.50564313,0.501453665,0.184737319,0.328689838,1,-8.00282425,CntlPlains,Ecoregion
raw_lasso,train,alpha0.13,16,8.143885446,0.849812927,0.843555132,0.099920386,0.142509443,8.414245185,-3.18E-14,CntlPlains,Ecoregion
raw_lasso,valin,alpha0.13,16,40.57481023,0.391238221,0.365873147,0.262549593,0.318094428,8.306514327,-21.75400769,CntlPlains,Ecoregion
raw_lasso,valnit,alpha0.13,16,7.938648545,0.697285412,0.650261787,0.151031105,0.257206929,8.659626985,-10.51384293,CntlPlains,Ecoregion
raw_mlr,train,forwardklim80,14,7.202242222,0.867178426,0.862361064,0.093805337,0.13401755,4.687653933,-3.02E-14,CntlPlains,Ecoregion
raw_mlr,valin,forwardklim80,14,43.85426057,0.342035181,0.318171172,0.260368026,0.330699631,4.631396184,-21.79159234,CntlPlains,Ecoregion
raw_mlr,valnit,forwardklim80,14,10.48585207,0.600156076,0.546843553,0.165616444,0.295604636,4.164864412,-12.31943937,CntlPlains,Ecoregion
strd_lasso,train,alpha0.01,23,7.739730428,0.857266231,0.848558336,0.098856392,0.138928303,19.22691985,2.84E-15,CntlPlains,Ecoregion
strd_lasso,valin,alpha0.01,23,40.91026102,0.386205305,0.348758945,0.261586359,0.319406639,19.29835632,-21.7336587,CntlPlains,Ecoregion
strd_lasso,valnit,alpha0.01,23,9.347228585,0.643573786,0.558180005,0.156963563,0.279094198,22.58923201,-10.91191279,CntlPlains,Ecoregion
strd_mlr,train,forwardklim80,14,7.202242222,0.867178426,0.862361064,0.093805337,0.13401755,4.687653933,-3.02E-14,CntlPlains,Ecoregion
strd_mlr,valin,forwardklim80,14,16.32656521,0.755045339,0.746160973,0.151375897,0.201778657,4.631396184,-1.89E-14,CntlPlains,Ecoregion
strd_mlr,valnit,forwardklim80,14,7.757925547,0.704176697,0.66473359,0.133550036,0.254262423,4.164864412,2.00E-14,CntlPlains,Ecoregion
strd_PCA_lasso,train,alpha0.01nc34,19,9.967702639,0.816178641,0.807011697,0.1188517,0.15766139,1,-3.23E-15,CntlPlains,Ecoregion
strd_PCA_lasso,valin,alpha0.01nc34,19,43.74938035,0.343608745,0.310875323,0.26527823,0.33030395,1.025625518,-21.79990783,CntlPlains,Ecoregion
strd_PCA_lasso,valnit,alpha0.01nc34,19,10.03820142,0.61722578,0.544498678,0.177938672,0.289225999,2.863661766,-11.13626492,CntlPlains,Ecoregion
strd_PCA_mlr,train,alpha0.01nc34,12,10.02807961,0.815065187,0.809345554,0.115947784,0.158138167,1,-3.61E-15,CntlPlains,Ecoregion
strd_PCA_mlr,valin,alpha0.01nc34,12,43.62504516,0.345474201,0.325231135,0.266292823,0.329834256,1.015920274,-21.7926941,CntlPlains,Ecoregion
strd_PCA_mlr,valnit,alpha0.01nc34,12,10.01548636,0.618091945,0.575261135,0.183422267,0.288898574,1.660483615,-11.28430934,CntlPlains,Ecoregion
regr_precip,train,none,1,52.48063824,0.4800067,0.478445159,0.283356659,0.39580124,1,7.94E-15,NorthEast,Ecoregion
regr_precip,valin,none,1,79.97618271,0.422993435,0.421260683,0.374250728,0.488605028,1,-10.70244968,NorthEast,Ecoregion
regr_precip,valnit,none,1,22.41202147,0.522933031,0.518014815,0.342342227,0.475798335,1,-0.079062321,NorthEast,Ecoregion
raw_lasso,train,alpha0.09,20,23.57760116,0.766386328,0.751506476,0.167054989,0.265293986,102.0542158,4.47E-14,NorthEast,Ecoregion
raw_lasso,valin,alpha0.09,20,50.9229602,0.632604591,0.60920361,0.308718936,0.389883106,101.8341663,-10.68707867,NorthEast,Ecoregion
raw_lasso,valnit,alpha0.09,20,18.37907806,0.608779107,0.508466057,0.307893866,0.430868023,113.4870616,0.305659245,NorthEast,Ecoregion
raw_mlr,train,forwardklim80,13,22.0187483,0.781831891,0.772996423,0.169629167,0.256373959,14.62089559,8.75E-14,NorthEast,Ecoregion
raw_mlr,valin,forwardklim80,13,50.31641988,0.636980616,0.622278896,0.311950974,0.387554213,14.66433119,-10.97810129,NorthEast,Ecoregion
raw_mlr,valnit,forwardklim80,13,24.03976083,0.488284631,0.410022281,0.337595563,0.492773647,13.42063467,-0.744728076,NorthEast,Ecoregion
strd_lasso,train,alpha0.01,26,21.07007724,0.791231598,0.773608291,0.159727657,0.250790257,31.26381954,1.39E-14,NorthEast,Ecoregion
strd_lasso,valin,alpha0.01,26,49.176144,0.645207399,0.615257374,0.308095198,0.383137651,31.74725512,-10.81467507,NorthEast,Ecoregion
strd_lasso,valnit,alpha0.01,26,18.51073226,0.605976688,0.463690492,0.316218363,0.43240848,41.1600933,0.455319726,NorthEast,Ecoregion
strd_mlr,train,forwardklim80,13,22.0187483,0.781831891,0.772996423,0.169629167,0.256373959,14.62089559,8.75E-14,NorthEast,Ecoregion
strd_mlr,valin,forwardklim80,13,19.87355188,0.856617689,0.850810929,0.171670911,0.243565259,14.66433119,8.57E-14,NorthEast,Ecoregion
strd_mlr,valnit,forwardklim80,13,15.31538762,0.673993461,0.624133638,0.269301454,0.393320334,13.42063467,-3.65E-14,NorthEast,Ecoregion
strd_PCA_lasso,train,alpha0.01nc31,27,24.25370154,0.75968733,0.73855234,0.176970804,0.269070825,1,7.29E-15,NorthEast,Ecoregion
strd_PCA_lasso,valin,alpha0.01nc31,27,54.47503012,0.606977366,0.572411857,0.322502116,0.40325182,1.217136285,-10.80300697,NorthEast,Ecoregion
strd_PCA_lasso,valnit,alpha0.01nc31,27,21.10250768,0.550807615,0.379987976,0.337701111,0.461688903,14.57954574,-0.965434166,NorthEast,Ecoregion
strd_PCA_mlr,train,alpha0.01nc31,15,26.3560186,0.738856966,0.726577513,0.192726273,0.280490075,1,6.94E-15,NorthEast,Ecoregion
strd_PCA_mlr,valin,alpha0.01nc31,15,56.95562725,0.589080527,0.569758295,0.325749779,0.412330932,1.051582308,-10.77585026,NorthEast,Ecoregion
strd_PCA_mlr,valnit,alpha0.01nc31,15,19.73203314,0.579979822,0.504072561,0.326379614,0.446445367,4.021078613,-2.695028205,NorthEast,Ecoregion
regr_precip,train,none,1,31.81824246,0.01064358,0.000337784,0.443795272,0.569803425,1,9.86E-15,SECstPlain,Ecoregion
regr_precip,valin,none,1,42.37285241,-0.044033638,-0.054908989,0.56198605,0.657553074,1,16.951211,SECstPlain,Ecoregion
regr_precip,valnit,none,1,10.68611216,-0.004118556,-0.032010738,0.466578126,0.530295651,1,-7.891121655,SECstPlain,Ecoregion
raw_lasso,train,alpha0.05,30,5.504104338,0.828855382,0.752223463,0.1751018,0.236990147,155.3691763,6.71E-14,SECstPlain,Ecoregion
raw_lasso,valin,alpha0.05,30,16.80128952,0.586029488,0.400669557,0.345445164,0.414055226,145.6321084,20.0677518,SECstPlain,Ecoregion
raw_lasso,valnit,alpha0.05,30,6.762846315,0.364530395,-2.358910769,0.315239249,0.42186448,214.8533859,-6.221595608,SECstPlain,Ecoregion
raw_mlr,train,forwardklim80,6,9.203490011,0.713826685,0.694958115,0.23537506,0.306452547,1.276730817,-3.33E-15,SECstPlain,Ecoregion
raw_mlr,valin,forwardklim80,6,16.98595964,0.581479362,0.553884594,0.354746231,0.416324535,1.276177814,19.43962011,SECstPlain,Ecoregion
raw_mlr,valnit,forwardklim80,6,9.174374543,0.13793159,-0.02892036,0.335930138,0.491356194,1.463097512,-3.038544631,SECstPlain,Ecoregion
strd_lasso,train,alpha0.01,32,4.972779592,0.845376393,0.769254002,0.164721929,0.22526129,40.69604838,2.14E-14,SECstPlain,Ecoregion
strd_lasso,valin,alpha0.01,32,15.05736005,0.628998533,0.446351657,0.333476603,0.391977718,37.26154624,19.62756057,SECstPlain,Ecoregion
strd_lasso,valnit,alpha0.01,32,5.06413709,0.524149294,-2.521295227,0.280775912,0.365057209,,-5.811264732,SECstPlain,Ecoregion
strd_mlr,train,forwardklim80,6,9.203490011,0.713826685,0.694958115,0.23537506,0.306452547,1.276730817,-3.33E-15,SECstPlain,Ecoregion
strd_mlr,valin,forwardklim80,6,9.946007007,0.754938238,0.738780319,0.253508355,0.318574744,1.276177814,-3.15E-14,SECstPlain,Ecoregion
strd_mlr,valnit,forwardklim80,6,3.49007028,0.672056191,0.608583195,0.232435643,0.303057676,1.463097512,-7.53E-15,SECstPlain,Ecoregion
strd_PCA_lasso,train,alpha0.01nc23,19,6.480374979,0.798499223,0.7494157,0.192394078,0.257150297,1,1.92E-14,SECstPlain,Ecoregion
strd_PCA_lasso,valin,alpha0.01nc23,19,15.96532647,0.606626957,0.510805319,0.345514897,0.403622961,1.057413439,19.0280956,SECstPlain,Ecoregion
strd_PCA_lasso,valnit,alpha0.01nc23,19,5.669558372,0.467260995,-0.095074622,0.291888512,0.38626274,13.34687256,-5.876221687,SECstPlain,Ecoregion
strd_PCA_mlr,train,alpha0.01nc23,11,7.538501996,0.765597822,0.735616148,0.214460182,0.277350842,1,1.82E-14,SECstPlain,Ecoregion
strd_PCA_mlr,valin,alpha0.01nc23,11,16.31400228,0.59803586,0.546621843,0.351858977,0.408006631,1.018945804,19.45278255,SECstPlain,Ecoregion
strd_PCA_mlr,valnit,alpha0.01nc23,11,5.613760159,0.472504063,0.249332706,0.298669697,0.384357295,2.820408324,-4.545585239,SECstPlain,Ecoregion
regr_precip,train,none,1,65.98403344,0.415551726,0.414017741,0.336355463,0.415068755,1,-1.50E-14,EastHghlnds,Ecoregion
regr_precip,valin,none,1,70.05234452,0.364355255,0.362686897,0.323629838,0.427673116,1,-7.555756474,EastHghlnds,Ecoregion
regr_precip,valnit,none,1,144.071276,0.210443699,0.205826411,0.344189584,0.91256887,1,-5.69359777,EastHghlnds,Ecoregion
raw_lasso,train,alpha0.01,35,10.84712686,0.903922445,0.894231626,0.119847449,0.168289869,75.77408478,1.58E-13,EastHghlnds,Ecoregion
raw_lasso,valin,alpha0.01,35,33.75459821,0.693715705,0.662822476,0.226012723,0.296870528,76.65218362,-7.311578696,EastHghlnds,Ecoregion
raw_lasso,valnit,alpha0.01,35,140.0065823,0.23271951,0.036698947,0.295133974,0.899603581,229.1423787,-9.357499085,EastHghlnds,Ecoregion
raw_mlr,train,forwardklim80,14,11.82769539,0.895237138,0.891251595,0.125281432,0.17573193,4.761579872,1.76E-14,EastHghlnds,Ecoregion
raw_mlr,valin,forwardklim80,14,34.74634308,0.684716757,0.672722286,0.23375165,0.301200137,4.731257106,-7.711514127,EastHghlnds,Ecoregion
raw_mlr,valnit,forwardklim80,14,138.0812477,0.243270954,0.176219013,0.305330786,0.893396609,6.018231575,-9.954830191,EastHghlnds,Ecoregion
strd_lasso,train,alpha0.01,30,11.35939413,0.899385079,0.890809944,0.123276765,0.172217864,40.90611662,-7.49E-15,EastHghlnds,Ecoregion
strd_lasso,valin,alpha0.01,30,33.43376604,0.696626889,0.670771226,0.227744398,0.295456305,41.39164378,-7.260789011,EastHghlnds,Ecoregion
strd_lasso,valnit,alpha0.01,30,139.4021668,0.236031899,0.074630187,0.294470366,0.897659664,40.0117404,-9.696020524,EastHghlnds,Ecoregion
strd_mlr,train,forwardklim80,14,11.82769539,0.895237138,0.891251595,0.125281432,0.17573193,4.761579872,1.76E-14,EastHghlnds,Ecoregion
strd_mlr,valin,forwardklim80,14,21.39970857,0.805822169,0.798434969,0.180387853,0.236376633,4.731257106,-8.31E-15,EastHghlnds,Ecoregion
strd_mlr,valnit,forwardklim80,14,96.32217575,0.472123917,0.425350087,0.363604966,0.746173963,6.018231575,6.38E-14,EastHghlnds,Ecoregion
strd_PCA_lasso,train,alpha0.01nc32,23,18.70201781,0.83434838,0.823735602,0.161171988,0.220975867,1,-1.03E-14,EastHghlnds,Ecoregion
strd_PCA_lasso,valin,alpha0.01nc32,23,45.03594713,0.591350392,0.565169498,0.266855279,0.342910089,1.023230071,-7.089814332,EastHghlnds,Ecoregion
strd_PCA_lasso,valnit,alpha0.01nc32,23,645.7579266,-2.538958314,-3.08524047,0.51620854,1.932020905,3485.675743,-22.75986404,EastHghlnds,Ecoregion
strd_PCA_mlr,train,alpha0.01nc32,18,19.41950853,0.827993264,0.819487436,0.165947061,0.225174771,1,-1.04E-14,EastHghlnds,Ecoregion
strd_PCA_mlr,valin,alpha0.01nc32,18,46.22147781,0.58059306,0.559853156,0.269931421,0.34739417,1.018774089,-7.075837514,EastHghlnds,Ecoregion
strd_PCA_mlr,valnit,alpha0.01nc32,18,1909.123971,-9.462605058,-10.68550695,0.689304768,3.321957055,1521.370605,-32.02390096,EastHghlnds,Ecoregion
regr_precip,train,none,1,61.98080097,0.273340596,0.271642794,0.295004025,0.379659581,1,1.42E-14,SEPlains,Ecoregion
regr_precip,valin,none,1,120.4006356,0.080611497,0.078463393,0.452385654,0.529151659,1,4.274572279,SEPlains,Ecoregion
regr_precip,valnit,none,1,204.9776354,0.050218574,0.045759507,0.426758665,0.976414026,1,-11.91979873,SEPlains,Ecoregion
raw_lasso,train,alpha0.01,42,16.32019331,0.808662977,0.787897719,0.130744245,0.194817704,166.1186226,8.18E-15,SEPlains,Ecoregion
raw_lasso,valin,alpha0.01,42,45.91310422,0.649404009,0.611354832,0.259672066,0.326763922,137.776302,6.442799882,SEPlains,Ecoregion
raw_lasso,valnit,alpha0.01,42,178.8454854,0.171304129,-0.031051839,0.317708653,0.912052338,119.679702,-11.86147878,SEPlains,Ecoregion
raw_mlr,train,forwardklim80,21,15.47340434,0.818590683,0.809253439,0.125162046,0.189696234,6.231010359,-9.63E-14,SEPlains,Ecoregion
raw_mlr,valin,forwardklim80,21,45.22373889,0.654668056,0.636893617,0.256824353,0.324301535,6.270523831,6.150682306,SEPlains,Ecoregion
raw_mlr,valnit,forwardklim80,21,208.4490104,0.034133661,-0.070960604,0.346164698,0.984647288,5.001409921,-13.23369179,SEPlains,Ecoregion
strd_lasso,train,alpha0.01,26,16.6867679,0.804365277,0.791743682,0.131189623,0.196993495,47.68388993,2.20E-14,SEPlains,Ecoregion
strd_lasso,valin,alpha0.01,26,43.78133674,0.665682349,0.644113469,0.257051031,0.31908786,45.26541933,5.32057901,SEPlains,Ecoregion
strd_lasso,valnit,alpha0.01,26,186.2045714,0.137205174,0.017882485,0.311528271,0.930627624,27.9822091,-11.61260094,SEPlains,Ecoregion
strd_mlr,train,forwardklim79,22,15.47340434,0.818590683,0.808784774,0.125162046,0.189696234,6.231010359,-6.58E-14,SEPlains,Ecoregion
strd_mlr,valin,forwardklim79,22,22.63904565,0.827126508,0.817781995,0.163457543,0.229453576,6.270523831,-1.11E-13,SEPlains,Ecoregion
strd_mlr,valnit,forwardklim79,22,105.1550019,0.512755294,0.456925172,0.384723137,0.699351866,5.001409921,2.57E-14,SEPlains,Ecoregion
strd_PCA_lasso,train,alpha0.01nc32,24,24.2633381,0.715537997,0.698680989,0.171751857,0.237542349,1,1.61E-14,SEPlains,Ecoregion
strd_PCA_lasso,valin,alpha0.01nc32,24,49.16146296,0.624599292,0.602353324,0.276829685,0.338125692,1.03780484,4.507093114,SEPlains,Ecoregion
strd_PCA_lasso,valnit,alpha0.01nc32,24,181.5216482,0.1589039,0.052660182,0.339738034,0.918850769,1.90905545,-9.7175972,SEPlains,Ecoregion
strd_PCA_mlr,train,alpha0.01nc32,12,26.75793578,0.686291475,0.677263891,0.183820113,0.249454921,1,1.64E-14,SEPlains,Ecoregion
strd_PCA_mlr,valin,alpha0.01nc32,12,51.69937704,0.605219585,0.593858998,0.279040936,0.346743579,1.013239064,4.620719715,SEPlains,Ecoregion
strd_PCA_mlr,valnit,alpha0.01nc32,12,189.5907706,0.12151493,0.069327698,0.362299343,0.939051403,1.337393887,-9.839015594,SEPlains,Ecoregion
regr_precip,train,none,1,6.689316015,0.299025718,0.289679395,0.168503834,0.294744354,1,-1.25E-14,MxWdShld,Ecoregion
regr_precip,valin,none,1,7.865938171,0.17431105,0.163301864,0.221356806,0.319617023,1,7.282114621,MxWdShld,Ecoregion
regr_precip,valnit,none,1,1.273222715,0.547992413,0.529158764,0.16749102,0.221291899,1,-3.028192388,MxWdShld,Ecoregion
raw_lasso,train,alpha0.8,7,4.559095768,0.522251771,0.473784559,0.153666409,0.243329069,3.077605019,1.58E-16,MxWdShld,Ecoregion
raw_lasso,valin,alpha0.8,7,5.112131888,0.463378593,0.40893874,0.18518718,0.257665138,3.078300962,6.995308477,MxWdShld,Ecoregion
raw_lasso,valnit,alpha0.8,7,2.236793935,0.205914396,-0.102896672,0.237952076,0.293309625,3.388291008,1.102213483,MxWdShld,Ecoregion
raw_mlr,train,forwardklim75,55,0.049921751,0.994768693,0.981067652,0.018246102,0.025462412,374237.6004,1.62E-12,MxWdShld,Ecoregion
raw_mlr,valin,forwardklim75,55,3.861973971,0.594607895,-0.467133333,0.165115185,0.22395425,142245.3826,17.877835,MxWdShld,Ecoregion
raw_mlr,valnit,forwardklim75,55,59.38587157,-20.08261515,18.56884596,0.665046812,1.511314654,inf,-25.55310761,MxWdShld,Ecoregion
strd_lasso,train,alpha0.07,9,4.662567605,0.511408944,0.445777309,0.147551406,0.246074838,3.996983642,-3.17E-16,MxWdShld,Ecoregion
strd_lasso,valin,alpha0.07,9,5.550014543,0.417413971,0.339156147,0.189968081,0.268473669,4.000406968,7.149127989,MxWdShld,Ecoregion
strd_lasso,valnit,alpha0.07,9,1.509174109,0.464227162,0.162854941,0.208509675,0.240925628,9.986705273,1.307288483,MxWdShld,Ecoregion
strd_mlr,train,forwardklim75,45,0.098933977,0.989632696,0.974583384,0.027096612,0.0358449,2.39E+13,1.26E-08,MxWdShld,Ecoregion
strd_mlr,valin,forwardklim75,45,0.139022326,0.985406801,0.964223126,0.03214752,0.042490996,2.28E+13,1.04E-08,MxWdShld,Ecoregion
strd_mlr,valnit,forwardklim75,45,7.74E-27,1,1,1.21E-14,1.73E-14,1.32E+16,3.54E-13,MxWdShld,Ecoregion
strd_PCA_lasso,train,alpha0.12nc19,5,5.740966926,0.398403341,0.356037379,0.161853679,0.27305313,1,-6.02E-15,MxWdShld,Ecoregion
strd_PCA_lasso,valin,alpha0.12nc19,5,6.408556195,0.327292699,0.279918946,0.201457208,0.288492639,1.001083581,6.959502178,MxWdShld,Ecoregion
strd_PCA_lasso,valnit,alpha0.12nc19,5,1.667067593,0.408173298,0.260216623,0.210040565,0.253215293,1.320743343,1.413557577,MxWdShld,Ecoregion
strd_PCA_mlr,train,alpha0.12nc19,18,1.56396724,0.836111673,0.785249778,0.095075578,0.142517588,1,-5.39E-15,MxWdShld,Ecoregion
strd_PCA_mlr,valin,alpha0.12nc19,18,2.494901796,0.738109708,0.656833411,0.137513659,0.180003672,1.001083581,8.009550248,MxWdShld,Ecoregion
strd_PCA_mlr,valnit,alpha0.12nc19,18,1.820817195,0.353590557,-1.308605154,0.215943572,0.264634523,1.320743343,0.716048436,MxWdShld,Ecoregion
regr_precip,train,none,1,521.2863809,0.877551593,0.877407196,0.470473755,0.783120741,1,6.97E-15,WestMnts,Ecoregion
regr_precip,valin,none,1,730.0225366,0.860759743,0.860595545,0.61193255,0.926741627,1,-10.49358844,WestMnts,Ecoregion
regr_precip,valnit,none,1,448.9158408,0.681075496,0.680179641,0.600766798,1.11980126,1,-3.324206651,WestMnts,Ecoregion
raw_lasso,train,alpha0.05,29,409.5383054,0.903800838,0.900398672,0.41527666,0.694125184,75.46860103,1.23E-14,WestMnts,Ecoregion
raw_lasso,valin,alpha0.05,29,563.0452518,0.89260802,0.888810011,0.509293987,0.813883394,60.25707476,-9.618963394,WestMnts,Ecoregion
raw_lasso,valnit,alpha0.05,29,430.3414711,0.694271336,0.667240448,0.568824096,1.096390053,97.42222532,-4.743684752,WestMnts,Ecoregion
raw_mlr,train,forwardklim80,4,468.4251049,0.889968528,0.889447669,0.441625962,0.742353257,1.395162623,-3.55E-14,WestMnts,Ecoregion
raw_mlr,valin,forwardklim80,4,608.7783217,0.88388516,0.883335504,0.526187801,0.846291788,1.367747227,-9.912817143,WestMnts,Ecoregion
raw_mlr,valnit,forwardklim80,4,436.6331271,0.689801538,0.686286541,0.55281086,1.104375664,1.244755964,-4.179949493,WestMnts,Ecoregion
strd_lasso,train,alpha0.02,28,411.9664938,0.903230464,0.899930163,0.414334602,0.696179907,13.41408071,8.48E-15,WestMnts,Ecoregion
strd_lasso,valin,alpha0.02,28,566.066201,0.892031822,0.888349594,0.505838028,0.816063868,13.25074623,-10.07822985,WestMnts,Ecoregion
strd_lasso,valnit,alpha0.02,28,423.9506336,0.698811596,0.673178541,0.553678302,1.088218566,10.15144294,-2.681153507,WestMnts,Ecoregion
strd_mlr,train,forwardklim80,4,468.4251049,0.889968528,0.889447669,0.441625962,0.742353257,1.395162623,-3.55E-14,WestMnts,Ecoregion
strd_mlr,valin,forwardklim80,4,506.9289787,0.903311312,0.902853614,0.479635562,0.772260988,1.367747227,1.26E-14,WestMnts,Ecoregion
strd_mlr,valnit,forwardklim80,4,415.0913109,0.705105549,0.701763969,0.550376521,1.07678825,1.244755964,3.54E-15,WestMnts,Ecoregion
strd_PCA_lasso,train,alpha0.01nc36,35,674.3525933,0.841596857,0.834785911,0.599517823,0.890705334,1,-5.81E-16,WestMnts,Ecoregion
strd_PCA_lasso,valin,alpha0.01nc36,35,808.4846133,0.845794343,0.839163878,0.642939888,0.975273484,1.017310936,-10.09479062,WestMnts,Ecoregion
strd_PCA_lasso,valnit,alpha0.01nc36,35,607.5798756,0.568355374,0.52143748,0.744212446,1.302747286,224.6642752,-2.553202154,WestMnts,Ecoregion
strd_PCA_mlr,train,alpha0.01nc36,34,672.2643518,0.842087378,0.835499612,0.600217158,0.889325158,1,1.20E-14,WestMnts,Ecoregion
strd_PCA_mlr,valin,alpha0.01nc36,34,792.0230657,0.848934122,0.842631988,0.64223793,0.965293656,1.017317641,-9.935600106,WestMnts,Ecoregion
strd_PCA_mlr,valnit,alpha0.01nc36,34,616.7040284,0.561873277,0.515754675,0.75540638,1.312492648,64.0206972,-2.954569843,WestMnts,Ecoregion
regr_precip,train,none,1,35.73432636,0.386428077,0.384747058,0.14217327,0.31203964,1,2.04E-14,WestPlains,Ecoregion
regr_precip,valin,none,1,27.02507651,0.250319288,0.248265368,0.179914109,0.271362876,1,22.0224282,WestPlains,Ecoregion
regr_precip,valnit,none,1,11.31548452,0.417482625,0.413908898,0.163768231,0.261875341,1,-13.66489471,WestPlains,Ecoregion
raw_lasso,train,alpha0.4,13,31.05355148,0.466798755,0.447162448,0.108316103,0.290885857,14.12780284,9.23E-15,WestPlains,Ecoregion
raw_lasso,valin,alpha0.4,13,23.05903824,0.360337936,0.336780976,0.145942794,0.250661459,14.12334524,22.85065828,WestPlains,Ecoregion
raw_lasso,valnit,alpha0.4,13,8.371728376,0.569026211,0.531922507,0.129490207,0.225250411,14.00867978,-6.742872864,WestPlains,Ecoregion
raw_mlr,train,forwardklim80,3,32.65205363,0.439351867,0.434718412,0.118218046,0.298278684,1.302400966,6.02E-14,WestPlains,Ecoregion
raw_mlr,valin,forwardklim80,3,24.37210073,0.323913335,0.318325842,0.15412945,0.257699425,1.301878222,22.43696674,WestPlains,Ecoregion
raw_mlr,valnit,forwardklim80,3,8.472414337,0.563842931,0.555715781,0.136063005,0.226600895,1.151673984,-4.235385008,WestPlains,Ecoregion
strd_lasso,train,alpha0.03,8,28.4641302,0.511260099,0.500338537,0.110807277,0.278494054,2.459849149,8.38E-15,WestPlains,Ecoregion
strd_lasso,valin,alpha0.03,8,19.95616306,0.446412278,0.434041603,0.141807721,0.23318762,2.460553503,22.78764259,WestPlains,Ecoregion
strd_lasso,valnit,alpha0.03,8,10.88292734,0.439750524,0.411019782,0.134876491,0.256821213,2.247628783,-8.060862368,WestPlains,Ecoregion
strd_mlr,train,forwardklim80,3,32.65205363,0.439351867,0.434718412,0.118218046,0.298278684,1.302400966,6.02E-14,WestPlains,Ecoregion
strd_mlr,valin,forwardklim80,3,21.7605136,0.396359254,0.391370488,0.123340392,0.243501443,1.301878222,-3.68E-14,WestPlains,Ecoregion
strd_mlr,valnit,forwardklim80,3,8.150786802,0.580400209,0.57258158,0.125726609,0.222258201,1.151673984,-1.80E-14,WestPlains,Ecoregion
strd_PCA_lasso,train,alpha0.02nc27,16,28.81081852,0.50530733,0.482692808,0.116245538,0.280184926,1,5.10E-15,WestPlains,Ecoregion
strd_PCA_lasso,valin,alpha0.02nc27,16,21.92213337,0.391875892,0.364075932,0.147735404,0.244404037,1.022957127,23.0731216,WestPlains,Ecoregion
strd_PCA_lasso,valnit,alpha0.02nc27,16,11.24772279,0.420970976,0.358373244,0.150663961,0.261090055,10.41167705,2.372410801,WestPlains,Ecoregion
strd_PCA_mlr,train,alpha0.02nc27,11,31.11589176,0.465728349,0.449173452,0.128479738,0.291177688,1,3.98E-14,WestPlains,Ecoregion
strd_PCA_mlr,valin,alpha0.02nc27,11,25.29323178,0.298360987,0.27662006,0.160733152,0.262524071,1.006835701,22.15002389,WestPlains,Ecoregion
strd_PCA_mlr,valnit,alpha0.02nc27,11,16.20975234,0.165527347,0.105532581,0.187877834,0.313434081,5.622082522,-3.939212826,WestPlains,Ecoregion
regr_precip,train,none,1,22.58792168,0.734686548,0.733696572,0.196292088,0.289238603,1,1.09E-14,WestXeric,Ecoregion
regr_precip,valin,none,1,23.75787133,0.58929695,0.587764476,0.210634792,0.296634651,1,18.85249736,WestXeric,Ecoregion
regr_precip,valnit,none,1,99.18588955,0.099031466,0.092549678,0.26827717,0.838716892,1,-13.27020621,WestXeric,Ecoregion
raw_lasso,train,alpha0.01,42,13.20151901,0.844937457,0.816247471,0.150045672,0.221121041,4327594.102,1.93E-13,WestXeric,Ecoregion
raw_lasso,valin,alpha0.01,42,19.04448829,0.670777347,0.609863905,0.183778958,0.265584529,4348445.614,18.30931318,WestXeric,Ecoregion
raw_lasso,valnit,alpha0.01,42,97.98286244,0.109959327,-0.271486676,0.271852184,0.83361497,4069598.198,-15.88724336,WestXeric,Ecoregion
raw_mlr,train,forwardklim80,5,18.28433566,0.785235654,0.781168148,0.174010032,0.260230209,2.331222365,3.00E-14,WestXeric,Ecoregion
raw_mlr,valin,forwardklim80,5,21.1406756,0.634540493,0.627618911,0.193989829,0.279819225,2.331222365,18.85249736,WestXeric,Ecoregion
raw_mlr,valnit,forwardklim80,5,99.82491829,0.093226762,0.059642568,0.259163695,0.841414371,1.604416501,-17.12939896,WestXeric,Ecoregion
strd_lasso,train,alpha0.01,21,16.15096442,0.810293829,0.79423,0.163382027,0.244577977,4.399415186,-3.92E-15,WestXeric,Ecoregion
strd_lasso,valin,alpha0.01,21,19.73227023,0.65888764,0.630003126,0.189567571,0.270337719,4.424766128,18.77649178,WestXeric,Ecoregion
strd_lasso,valnit,alpha0.01,21,98.44353146,0.105774777,-0.052029674,0.265131817,0.835572303,3.543744287,-16.25965392,WestXeric,Ecoregion
strd_mlr,train,forwardklim80,5,18.28433566,0.785235654,0.781168148,0.174010032,0.260230209,2.331222365,3.00E-14,WestXeric,Ecoregion
strd_mlr,valin,forwardklim80,5,15.56561762,0.730916691,0.725820416,0.157001585,0.240105051,2.331222365,-4.14E-14,WestXeric,Ecoregion
strd_mlr,valnit,forwardklim80,5,93.24836708,0.15296576,0.121594122,0.293024735,0.813225637,1.604416501,6.88E-14,WestXeric,Ecoregion
strd_PCA_lasso,train,alpha0.01nc32,27,25.52214383,0.70022173,0.666775394,0.204780173,0.307451555,1,-8.70E-16,WestXeric,Ecoregion
strd_PCA_lasso,valin,alpha0.01nc32,27,25.00306099,0.567771319,0.519547457,0.206978449,0.304308938,1.004909069,18.21876694,WestXeric,Ecoregion
strd_PCA_lasso,valnit,alpha0.01nc32,27,93.9956326,0.146177872,-0.057832725,0.329985508,0.816477613,30.47226892,-7.535053922,WestXeric,Ecoregion
strd_PCA_mlr,train,alpha0.01nc32,12,32.82456699,0.614448849,0.596446461,0.236976877,0.34867244,1,-1.59E-14,WestXeric,Ecoregion
strd_PCA_mlr,valin,alpha0.01nc32,12,30.93355354,0.465250712,0.440281874,0.23557829,0.338480009,1.001886753,19.54544132,WestXeric,Ecoregion
strd_PCA_mlr,valnit,alpha0.01nc32,12,95.82296967,0.129579007,0.047977039,0.335521288,0.824375842,20.84095366,-4.058950298,WestXeric,Ecoregion
